{"cameraMode":{"drawMode":0,"name":"Shaded","section":"Shading Mode"},"sceneLighting":false,"audioPlay":false,"sceneViewState":{"m_AlwaysRefresh":false,"showFog":true,"showSkybox":false,"showFlares":true,"showImageEffects":true,"showParticleSystems":true,"showVisualEffectGraphs":true,"m_FxEnabled":true},"in2DMode":false,"pivot":{"x":0.40094757080078127,"y":8.054192543029786,"z":3.3951950073242189},"rotation":{"x":-0.32537201046943667,"y":-0.04621715843677521,"z":0.015927083790302278,"w":-0.9443429112434387},"size":27.346906661987306,"orthographic":false}