{"cameraMode":{"drawMode":0,"name":"Shaded","section":"Shading Mode"},"sceneLighting":false,"audioPlay":false,"sceneViewState":{"m_AlwaysRefresh":false,"showFog":true,"showSkybox":false,"showFlares":true,"showImageEffects":true,"showParticleSystems":true,"showVisualEffectGraphs":true,"m_FxEnabled":true},"in2DMode":false,"pivot":{"x":-0.33826959133148196,"y":-0.4195115864276886,"z":1.1121737957000733},"rotation":{"x":-0.05968806892633438,"y":0.6611545085906982,"z":-0.05285875126719475,"w":-0.7461028099060059},"size":5.746980667114258,"orthographic":false}